Participant,Rate your 𝐜𝐨𝐧𝐟𝐢𝐝𝐞𝐧𝐜𝐞 on reading a 𝐅𝐈𝐂𝐓𝐈𝐎𝐍 passage with 𝐋𝐎-𝐅𝐈 music,Rate your 𝐜𝐨𝐧𝐟𝐢𝐝𝐞𝐧𝐜𝐞 on reading a 𝐅𝐈𝐂𝐓𝐈𝐎𝐍 passage with 𝐄𝐃𝐌 music,Rate your 𝐜𝐨𝐧𝐟𝐢𝐝𝐞𝐧𝐜𝐞 on reading a 𝐅𝐈𝐂𝐓𝐈𝐎𝐍 passage with 𝐏𝐎𝐏 music,Rate your 𝐜𝐨𝐧𝐟𝐢𝐝𝐞𝐧𝐜𝐞 on reading a 𝐍𝐎𝐍-𝐅𝐈𝐂𝐓𝐈𝐎𝐍 passage with 𝐋𝐎-𝐅𝐈 music,Rate your 𝐜𝐨𝐧𝐟𝐢𝐝𝐞𝐧𝐜𝐞 on reading a 𝐍𝐎𝐍-𝐅𝐈𝐂𝐓𝐈𝐎𝐍 passage with 𝐄𝐃𝐌 music,Rate your 𝐜𝐨𝐧𝐟𝐢𝐝𝐞𝐧𝐜𝐞 on reading a 𝐍𝐎𝐍-𝐅𝐈𝐂𝐓𝐈𝐎𝐍 passage with 𝐏𝐎𝐏 music
1,8,3,6,7,2,5
6,8,5,7,8,4,6
3,10,8,7,10,9,7
5,9,4,6,8,3,5
2,8,6,5,8,3,3
6,2,1,4,2,3,3
4,8,4,4,8,4,4