Participant,Rate how 𝐟𝐨𝐜𝐮𝐬𝐞𝐝 on reading a 𝐅𝐈𝐂𝐓𝐈𝐎𝐍 passage with 𝐋𝐎-𝐅𝐈 music,Rate how 𝐟𝐨𝐜𝐮𝐬𝐞𝐝 on reading a 𝐅𝐈𝐂𝐓𝐈𝐎𝐍 passage with 𝐄𝐃𝐌 music,Rate how 𝐟𝐨𝐜𝐮𝐬𝐞𝐝 on reading a 𝐅𝐈𝐂𝐓𝐈𝐎𝐍 passage with 𝐏𝐎𝐏 music,Rate how 𝐟𝐨𝐜𝐮𝐬𝐞𝐝 on reading a 𝐍𝐎𝐍-𝐅𝐈𝐂𝐓𝐈𝐎𝐍 passage with 𝐋𝐎-𝐅𝐈 music,Rate how 𝐟𝐨𝐜𝐮𝐬𝐞𝐝 on reading a 𝐍𝐎𝐍-𝐅𝐈𝐂𝐓𝐈𝐎𝐍 passage with 𝐄𝐃𝐌 music,Rate how 𝐟𝐨𝐜𝐮𝐬𝐞𝐝 on reading a 𝐍𝐎𝐍-𝐅𝐈𝐂𝐓𝐈𝐎𝐍 passage with 𝐏𝐎𝐏 music,Rate how much you 𝐞𝐧𝐣𝐨𝐲𝐞𝐝 listening to the 𝐋𝐎-𝐅𝐈 song,Rate how much you 𝐞𝐧𝐣𝐨𝐲𝐞𝐝 listening to the 𝐄𝐃𝐌 song,Rate how much you 𝐞𝐧𝐣𝐨𝐲𝐞𝐝 listening to the 𝐏𝐎𝐏 song
1,7,2,5,8,4,5,9,1,4
6,6,8,4,5,7,3,9,3,9
3,9,7,5,9,7,5,10,9,10
5,6,8,10,8,9,10,9,7,10
2,9,4,5,9,3,3,8,5,7
6,9,4,7,9,6,6,8,3,9
4,10,3,5,9,5,7,10,4,8